{"cameraMode":{"drawMode":0,"name":"Shaded","section":"Shading Mode"},"sceneLighting":true,"audioPlay":false,"sceneViewState":{"m_AlwaysRefresh":false,"showFog":true,"showSkybox":true,"showFlares":true,"showImageEffects":true,"showParticleSystems":true,"showVisualEffectGraphs":true,"m_FxEnabled":true},"in2DMode":false,"pivot":{"x":-6.907892227172852,"y":2.8867409229278566,"z":-12.316262245178223},"rotation":{"x":0.009066085331141949,"y":-0.9697938561439514,"z":0.24378180503845216,"w":0.03161415830254555},"size":7.396251678466797,"orthographic":false}